date,unemploy,sp500,cons_sent,real_gdp,cpi,pce,gdpc1,ind_pro,savings
1/1/1948,3.4,,,6.2,23.68,,2086.017,14.7601,
2/1/1948,3.8,,,6.2,23.67,,2086.017,14.7878,
3/1/1948,4,,,6.2,23.5,,2086.017,14.6217,
4/1/1948,3.9,,,6.8,23.82,,2120.45,14.6494,
5/1/1948,3.5,,,6.8,24.01,,2120.45,14.8986,
6/1/1948,3.6,,,6.8,24.15,,2120.45,15.0924,
7/1/1948,3.6,,,2.3,24.4,,2132.598,15.0924,
8/1/1948,3.9,,,2.3,24.43,,2132.598,15.037,
9/1/1948,3.8,,,2.3,24.36,,2132.598,14.9263,
10/1/1948,3.7,,,0.4,24.31,,2134.981,15.0371,
11/1/1948,3.8,,,0.4,24.16,,2134.981,14.8432,
12/1/1948,4,,,0.4,24.05,,2134.981,14.7047,
1/1/1949,4.3,,,-5.4,24.01,,2105.562,14.5663,
2/1/1949,4.7,,,-5.4,23.91,,2105.562,14.4278,
3/1/1949,5,,,-5.4,23.91,,2105.562,14.1509,
4/1/1949,5.3,,,-1.4,23.92,,2098.38,14.0678,
5/1/1949,6.1,,,-1.4,23.91,,2098.38,13.874,
6/1/1949,6.2,,,-1.4,23.92,,2098.38,13.8463,
7/1/1949,6.7,,,4.2,23.7,,2120.044,13.8186,
8/1/1949,6.8,,,4.2,23.7,,2120.044,13.957,
9/1/1949,6.6,,,4.2,23.75,,2120.044,14.0955,
10/1/1949,7.9,,,-3.3,23.67,,2102.251,13.5694,
11/1/1949,6.4,,,-3.3,23.7,,2102.251,13.9294,
12/1/1949,6.6,,,-3.3,23.61,,2102.251,14.1786,
1/1/1950,6.5,17.049999,,16.7,23.51,,2184.872,14.4278,
2/1/1950,6.4,17.219999,,16.7,23.61,,2184.872,14.4832,
3/1/1950,6.3,17.290001,,16.7,23.64,,2184.872,14.954,
4/1/1950,5.8,18.07,,12.8,23.65,,2251.507,15.4524,
5/1/1950,5.5,18.780001,,12.8,23.77,,2251.507,15.8124,
6/1/1950,5.4,17.690001,,12.8,23.88,,2251.507,16.2832,
7/1/1950,5,17.84,,16.4,24.07,,2338.514,16.8094,
8/1/1950,4.5,18.42,,16.4,24.2,,2338.514,17.3355,
9/1/1950,4.4,19.450001,,16.4,24.34,,2338.514,17.2248,
10/1/1950,4.2,19.530001,,7.9,24.5,,2383.291,17.3355,
11/1/1950,4.2,19.51,,7.9,24.6,,2383.291,17.3078,
12/1/1950,4.3,20.41,,7.9,24.98,,2383.291,17.6125,
1/1/1951,3.7,21.66,,5.5,25.38,,2415.66,17.6678,
2/1/1951,3.4,21.799999,,5.5,25.83,,2415.66,17.7786,
3/1/1951,3.4,21.4,,5.5,25.88,,2415.66,17.8617,
4/1/1951,3.1,22.43,,7.1,25.92,,2457.517,17.8894,
5/1/1951,3,21.52,,7.1,25.99,,2457.517,17.834,
6/1/1951,3.2,20.959999,,7.1,25.93,,2457.517,17.7509,
7/1/1951,3.1,22.4,,8.5,25.91,,2508.166,17.474,
8/1/1951,3.1,23.280001,,8.5,25.86,,2508.166,17.3078,
9/1/1951,3.3,23.26,,8.5,26.03,,2508.166,17.4186,
10/1/1951,3.5,22.940001,,0.9,26.16,,2513.69,17.3909,
11/1/1951,3.5,22.879999,,0.9,26.32,,2513.69,17.5294,
12/1/1951,3.1,23.77,,0.9,26.47,,2513.69,17.6402,
1/1/1952,3.2,24.139999,,4.3,26.45,,2540.55,17.834,
2/1/1952,3.1,23.26,,4.3,26.41,,2540.55,17.9448,
3/1/1952,2.9,24.370001,,4.3,26.39,,2540.55,18.0002,
4/1/1952,2.9,23.32,,0.9,26.46,,2546.022,17.834,
5/1/1952,3,23.860001,,0.9,26.47,,2546.022,17.6678,
6/1/1952,3,24.959999,,0.9,26.53,,2546.022,17.5017,
7/1/1952,3.2,25.4,,2.9,26.68,,2564.401,17.2248,
8/1/1952,3.4,25.030001,,2.9,26.69,,2564.401,18.3325,
9/1/1952,3.1,24.540001,,2.9,26.63,,2564.401,18.9971,
10/1/1952,3,24.52,,13.8,26.69,,2648.621,19.191,
11/1/1952,2.8,25.66,86.2,13.8,26.69,,2648.621,19.5786,
12/1/1952,2.7,26.57,86.2,13.8,26.71,,2648.621,19.6894,
1/1/1953,2.9,26.379999,86.2,7.6,26.64,,2697.855,19.7448,
2/1/1953,2.6,25.9,90.7,7.6,26.59,,2697.855,19.8556,
3/1/1953,2.6,25.290001,90.7,7.6,26.63,,2697.855,20.0217,
4/1/1953,2.7,24.620001,90.7,3.1,26.69,,2718.709,20.1048,
5/1/1953,2.5,24.540001,90.7,3.1,26.7,,2718.709,20.2156,
6/1/1953,2.5,24.139999,90.7,3.1,26.77,,2718.709,20.1325,
7/1/1953,2.6,24.75,90.7,-2.2,26.79,,2703.411,20.3817,
8/1/1953,2.7,23.32,80.8,-2.2,26.85,,2703.411,20.2709,
9/1/1953,2.9,23.35,80.8,-2.2,26.89,,2703.411,19.8556,
10/1/1953,3.1,24.540001,80.8,-5.9,26.95,,2662.482,19.6894,
11/1/1953,3.5,24.76,80.7,-5.9,26.85,,2662.482,19.2186,
12/1/1953,4.5,24.809999,80.7,-5.9,26.87,,2662.482,18.7479,
1/1/1954,4.9,26.08,80.7,-1.9,26.94,,2649.755,18.6094,
2/1/1954,5.2,26.15,82,-1.9,26.99,,2649.755,18.6648,
3/1/1954,5.7,26.940001,82,-1.9,26.93,,2649.755,18.554,
4/1/1954,5.9,28.26,82,0.4,26.86,,2652.643,18.4432,
5/1/1954,5.9,29.190001,82.9,0.4,26.93,,2652.643,18.554,
6/1/1954,5.6,29.209999,82.9,0.4,26.94,,2652.643,18.6094,
7/1/1954,5.8,30.879999,82.9,4.6,26.86,,2682.601,18.6371,
8/1/1954,6,29.83,82.9,4.6,26.85,,2682.601,18.6094,
9/1/1954,6.1,32.310001,82.9,4.6,26.81,,2682.601,18.6371,
10/1/1954,5.7,31.68,82.9,8.1,26.72,,2735.091,18.8586,
11/1/1954,5.3,34.240002,87,8.1,26.78,,2735.091,19.1632,
12/1/1954,5,35.98,87,8.1,26.77,,2735.091,19.4125,
1/1/1955,4.9,36.630001,87,11.9,26.77,,2813.212,19.8556,
2/1/1955,4.7,36.759998,95.9,11.9,26.82,,2813.212,20.1048,
3/1/1955,4.6,36.580002,95.9,11.9,26.79,,2813.212,20.5756,
4/1/1955,4.7,37.959999,95.9,6.7,26.79,,2858.988,20.8248,
5/1/1955,4.3,37.91,99.1,6.7,26.77,,2858.988,21.1571,
6/1/1955,4.2,41.029999,99.1,6.7,26.71,,2858.988,21.1848,
7/1/1955,4,43.52,99.1,5.5,26.76,,2897.598,21.351,
8/1/1955,4.2,43.18,99.1,5.5,26.72,,2897.598,21.3233,
9/1/1955,4.1,43.669998,99.1,5.5,26.85,,2897.598,21.4617,
10/1/1955,4.3,42.34,99.1,2.4,26.82,,2914.993,21.8217,
11/1/1955,4.2,45.509998,99.7,2.4,26.88,,2914.993,21.8771,
12/1/1955,4.2,45.48,99.7,2.4,26.87,,2914.993,21.9602,
1/1/1956,4,43.82,99.7,-1.5,26.83,,2903.671,22.0987,
2/1/1956,3.9,45.34,99.7,-1.5,26.86,,2903.671,21.9048,
3/1/1956,4.2,48.48,99.7,-1.5,26.89,,2903.671,21.9048,
4/1/1956,4,48.380001,99.7,3.3,26.93,,2927.665,22.071,
5/1/1956,4.3,45.200001,98.2,3.3,27.03,,2927.665,21.8771,
6/1/1956,4.3,46.970001,98.2,3.3,27.15,,2927.665,21.6833,
7/1/1956,4.4,49.389999,98.2,-0.4,27.29,,2925.035,21.0186,
8/1/1956,4.1,47.509998,99.9,-0.4,27.31,,2925.035,21.8771,
9/1/1956,3.9,45.349998,99.9,-0.4,27.35,,2925.035,22.3756,
10/1/1956,3.9,45.580002,99.9,6.7,27.51,,2973.179,22.5694,
11/1/1956,4.3,45.080002,100.2,6.7,27.51,,2973.179,22.3756,
12/1/1956,4.2,46.669998,100.2,6.7,27.63,,2973.179,22.7079,
1/1/1957,4.2,44.720001,100.2,2.6,27.67,,2992.219,22.6248,
2/1/1957,3.9,43.259998,100.2,2.6,27.8,,2992.219,22.8464,
3/1/1957,3.7,44.110001,100.2,2.6,27.86,,2992.219,22.8187,
4/1/1957,3.9,45.740002,100.2,-0.9,27.93,,2985.663,22.5141,
5/1/1957,4.1,47.43,92.9,-0.9,28,,2985.663,22.431,
6/1/1957,4.3,47.369999,92.9,-0.9,28.11,,2985.663,22.4864,
7/1/1957,4.2,47.91,92.9,4,28.19,,3014.919,22.6248,
8/1/1957,4.1,45.220001,92.9,4,28.28,,3014.919,22.6248,
9/1/1957,4.4,42.419998,92.9,4,28.32,,3014.919,22.431,
10/1/1957,4.5,41.060001,92.9,-4.1,28.32,,2983.727,22.0987,
11/1/1957,5.1,41.720001,83.7,-4.1,28.41,,2983.727,21.5725,
12/1/1957,5.2,39.990002,83.7,-4.1,28.47,,2983.727,21.1571,
1/1/1958,5.8,41.700001,83.7,-10,28.64,,2906.274,20.7694,
2/1/1958,6.4,40.84,78.5,-10,28.7,,2906.274,20.3263,
3/1/1958,6.7,42.099998,78.5,-10,28.87,,2906.274,20.0771,
4/1/1958,7.4,43.439999,78.5,2.7,28.94,,2925.379,19.7448,
5/1/1958,7.4,44.09,80.9,2.7,28.94,,2925.379,19.9386,
6/1/1958,7.3,45.240002,80.9,2.7,28.91,,2925.379,20.4648,
7/1/1958,7.5,47.189999,80.9,9.6,28.89,,2993.068,20.7694,
8/1/1958,7.4,47.75,80.9,9.6,28.94,,2993.068,21.1848,
9/1/1958,7.1,50.060001,80.9,9.6,28.91,,2993.068,21.3787,
10/1/1958,6.7,51.330002,80.9,9.7,28.91,,3063.085,21.6279,
11/1/1958,6.2,52.48,90.8,9.7,28.95,,3063.085,22.2648,
12/1/1958,6.2,55.209999,90.8,9.7,28.97,,3063.085,22.2925,
1/1/1959,6,55.450001,90.8,7.9,29.01,306.1,3121.936,22.6248,11.3
2/1/1959,5.9,55.41,90.8,7.9,29,309.6,3121.936,23.0679,10.6
3/1/1959,5.6,55.439999,90.8,7.9,28.97,312.7,3121.936,23.4002,10.3
4/1/1959,5.2,57.59,90.8,9.3,28.98,312.2,3192.38,23.8987,11.2
5/1/1959,5.1,58.68,95.3,9.3,29.04,316.1,3192.38,24.2587,10.6
6/1/1959,5,58.470001,95.3,9.3,29.11,318.2,3192.38,24.2864,10.5
7/1/1959,5.1,60.509998,95.3,0.3,29.15,317.8,3194.653,23.7048,10.7
8/1/1959,5.2,59.599998,95.3,0.3,29.18,320.2,3194.653,22.9017,9.6
9/1/1959,5.5,56.880001,95.3,0.3,29.25,324.2,3194.653,22.8741,8.7
10/1/1959,5.7,57.52,95.3,1.1,29.35,322.8,3203.759,22.7079,9.4
11/1/1959,5.8,58.279999,93.8,1.1,29.35,322.9,3203.759,22.8464,10.1
12/1/1959,5.3,59.889999,93.8,1.1,29.41,322.9,3203.759,24.2587,11
1/1/1960,5.2,55.610001,93.8,9.3,29.37,323.6,3275.757,24.8956,10.9
2/1/1960,4.8,56.119999,100,9.3,29.41,325.3,3275.757,24.6741,10.6
3/1/1960,5.4,55.34,100,9.3,29.41,330.2,3275.757,24.4525,9.4
4/1/1960,5.2,54.369999,100,-2.1,29.54,336.5,3258.088,24.2587,8.4
5/1/1960,5.1,55.830002,93.3,-2.1,29.57,330,3258.088,24.231,10.4
6/1/1960,5.4,56.919998,93.3,-2.1,29.61,330.1,3258.088,23.9264,10.4
7/1/1960,5.5,55.509998,93.3,2,29.55,331.4,3274.029,23.8433,10.4
8/1/1960,5.6,56.959999,97.2,2,29.61,331.6,3274.029,23.8156,10.3
9/1/1960,5.5,53.52,97.2,2,29.61,333.4,3274.029,23.5664,10
10/1/1960,6.1,53.389999,97.2,-5,29.75,335.4,3232.009,23.5387,9.8
11/1/1960,6.1,55.540001,90.1,-5,29.78,335.4,3232.009,23.2064,9.8
12/1/1960,6.6,58.110001,90.1,-5,29.81,331.3,3232.009,22.7633,10.4
1/1/1961,6.6,61.779999,90.1,2.7,29.84,332.2,3253.826,22.791,11.1
2/1/1961,6.9,63.439999,91.6,2.7,29.84,333.7,3253.826,22.7633,11.1
3/1/1961,6.9,65.059998,91.6,2.7,29.84,337.7,3253.826,22.9018,10.4
4/1/1961,7,65.309998,91.6,7,29.81,337.6,3309.059,23.3725,10.6
5/1/1961,7.1,66.559998,92.5,7,29.84,339.9,3309.059,23.7325,10.8
6/1/1961,6.9,64.639999,92.5,7,29.84,340.9,3309.059,24.0648,11.5
7/1/1961,7,66.760002,92.5,7.9,29.92,340.6,3372.581,24.3418,12
8/1/1961,6.6,68.07,99.2,7.9,29.94,342.1,3372.581,24.5633,11.7
9/1/1961,6.7,66.730003,99.2,7.9,29.98,344.4,3372.581,24.5356,11.3
10/1/1961,6.5,68.620003,99.2,8.1,29.98,346.5,3438.721,25.0064,11.7
11/1/1961,6.1,71.32,93,8.1,29.98,349.9,3438.721,25.3941,11.6
12/1/1961,6,71.550003,93,8.1,30.01,352.4,3438.721,25.6156,11.6
1/1/1962,5.8,68.839996,93,7.3,30.04,353.2,3500.054,25.3941,11.3
2/1/1962,5.5,69.959999,99.9,7.3,30.11,354,3500.054,25.8095,11.8
3/1/1962,5.6,69.550003,99.9,7.3,30.17,357.4,3500.054,25.9479,11.6
4/1/1962,5.6,65.239998,99.9,3.7,30.21,359,3531.683,26.0033,11.7
5/1/1962,5.5,59.630001,95.4,3.7,30.24,362,3531.683,25.9756,11.1
6/1/1962,5.5,54.75,95.4,3.7,30.21,360.4,3531.683,25.9202,11.5
7/1/1962,5.4,58.23,95.4,5,30.22,361.4,3575.07,26.1695,11.6
8/1/1962,5.7,59.119999,91.6,5,30.28,362.9,3575.07,26.1972,11.4
9/1/1962,5.6,56.27,91.6,5,30.42,368.8,3575.07,26.3633,10.4
10/1/1962,5.4,56.52,91.6,1.3,30.38,366.5,3586.827,26.391,11.3
11/1/1962,5.7,62.259998,95,1.3,30.38,371.7,3586.827,26.5018,10.4
12/1/1962,5.5,63.099998,95,1.3,30.38,373.6,3586.827,26.5018,10.3
1/1/1963,5.7,66.199997,95,4.4,30.44,374.4,3625.981,26.6956,10.9
2/1/1963,5.9,64.290001,98.4,4.4,30.48,373.4,3625.981,27.0003,10.7
3/1/1963,5.7,66.57,98.4,4.4,30.51,375,3625.981,27.1664,10.6
4/1/1963,5.7,69.800003,98.4,4.6,30.48,376.4,3666.669,27.4156,10.7
5/1/1963,5.9,70.800003,91.7,4.6,30.51,377.2,3666.669,27.748,10.9
6/1/1963,5.6,69.370003,91.7,4.6,30.61,381.7,3666.669,27.831,10.5
7/1/1963,5.6,69.129997,91.7,9.1,30.69,384.4,3747.278,27.7203,10.1
8/1/1963,5.4,72.5,96.4,9.1,30.75,386.3,3747.278,27.7756,10.2
9/1/1963,5.5,71.699997,96.4,9.1,30.72,385.5,3747.278,28.0526,11
10/1/1963,5.5,74.010002,96.4,2.6,30.75,386,3771.845,28.2464,11.5
11/1/1963,5.7,73.230003,94.4,2.6,30.78,389.4,3771.845,28.3849,11
12/1/1963,5.5,75.019997,94.4,2.6,30.88,394.7,3771.845,28.3295,10.7
1/1/1964,5.6,77.040001,94.4,8.7,30.94,396.8,3851.366,28.5787,10.7
2/1/1964,5.4,77.800003,99.5,8.7,30.91,400.2,3851.366,28.7726,10.4
3/1/1964,5.4,78.980003,99.5,8.7,30.94,401.8,3851.366,28.7726,12.1
4/1/1964,5.3,79.459999,99.5,4.4,30.95,402.8,3893.296,29.2434,12.4
5/1/1964,5.1,80.370003,98.5,4.4,30.98,408.4,3893.296,29.4095,11.7
6/1/1964,5.2,81.690002,98.5,4.4,31.01,411.4,3893.296,29.4926,11.5
7/1/1964,4.9,83.18,98.5,6.4,31.02,414.9,3954.121,29.6864,11.2
8/1/1964,5,81.830002,100.6,6.4,31.05,417.7,3954.121,29.8803,11.1
9/1/1964,5.1,84.18,100.6,6.4,31.08,416.6,3954.121,29.991,11.8
10/1/1964,5.1,84.860001,100.6,1.2,31.12,419.6,3966.335,29.5757,11.2
11/1/1964,4.8,84.419998,99.9,1.2,31.21,416.4,3966.335,30.4895,12.5
12/1/1964,5,84.75,99.9,1.2,31.25,421,3966.335,30.8495,12.5
1/1/1965,4.9,87.559998,99.9,10,31.28,424.4,4062.311,31.1818,12.1
2/1/1965,5.1,87.43,102,10,31.28,431.4,4062.311,31.3757,10.7
3/1/1965,4.7,86.160004,102,10,31.31,433.3,4062.311,31.7911,10.8
4/1/1965,4.8,89.110001,102,5.1,31.38,437.1,4113.629,31.9295,10.2
5/1/1965,4.6,88.419998,105.4,5.1,31.48,437.6,4113.629,32.1788,11.2
6/1/1965,4.6,84.120003,105.4,5.1,31.61,435.2,4113.629,32.428,12.1
7/1/1965,4.4,85.25,105.4,9.2,31.58,441,4205.086,32.7326,11.9
8/1/1965,4.4,87.169998,103.4,9.2,31.55,444.4,4205.086,32.8711,11.7
9/1/1965,4.3,89.959999,103.4,9.2,31.62,452,4205.086,32.9542,12.5
10/1/1965,4.2,92.419998,103.4,9.5,31.65,458.5,4301.973,33.2865,10.9
11/1/1965,4.1,91.610001,102.9,9.5,31.75,459.1,4301.973,33.4249,11.5
12/1/1965,4,92.43,102.9,9.5,31.85,461.7,4301.973,33.8403,11.7
1/1/1966,4,92.879997,102.9,10.1,31.88,465.2,4406.693,34.1726,11.2
2/1/1966,3.8,91.220001,100,10.1,32.08,470.2,4406.693,34.3942,11
3/1/1966,3.8,89.230003,100,10.1,32.18,475,4406.693,34.8649,10.7
4/1/1966,3.8,91.059998,100,1.4,32.28,476.9,4421.747,34.9203,10.3
5/1/1966,3.9,86.129997,95.7,1.4,32.35,473.1,4421.747,35.2526,11.2
6/1/1966,3.8,84.739998,95.7,1.4,32.38,475.5,4421.747,35.4188,11.4
7/1/1966,3.8,83.599998,95.7,3.4,32.45,480.6,4459.195,35.6126,10.9
8/1/1966,3.8,77.099998,91.2,3.4,32.65,483.2,4459.195,35.6403,11.2
9/1/1966,3.7,76.559998,91.2,3.4,32.75,489.2,4459.195,35.9726,11
10/1/1966,3.7,80.199997,91.2,3.3,32.85,488.3,4495.777,36.2218,11.6
11/1/1966,3.6,80.449997,88.3,3.3,32.88,490.1,4495.777,35.9726,11.8
12/1/1966,3.8,80.330002,88.3,3.3,32.92,491.8,4495.777,36.0557,11.6
1/1/1967,3.9,86.610001,88.3,3.6,32.9,494.2,4535.591,36.2258,12.1
2/1/1967,3.8,86.779999,94.1,3.6,33,493,4535.591,35.8149,12.6
3/1/1967,3.8,90.199997,94.1,3.6,33,495.8,4535.591,35.613,12.8
4/1/1967,3.8,94.010002,94.1,0.2,33.1,501.3,4538.37,35.9489,11.9
5/1/1967,3.8,89.080002,95.9,0.2,33.1,502.2,4538.37,35.6353,12
6/1/1967,3.9,90.639999,95.9,0.2,33.3,506.8,4538.37,35.6308,11.9
7/1/1967,3.8,94.75,95.9,3.8,33.4,506.7,4581.309,35.5497,12.6
8/1/1967,3.8,93.639999,97,3.8,33.5,509.8,4581.309,36.2308,12.6
9/1/1967,3.8,96.709999,97,3.8,33.6,515.6,4581.309,36.172,11.9
10/1/1967,4,93.300003,97,3,33.7,512.2,4615.853,36.4666,12.9
11/1/1967,3.9,94,92.9,3,33.9,517.4,4615.853,36.9881,12.8
12/1/1967,3.8,96.470001,92.9,3,34,525.1,4615.853,37.3865,11.8
1/1/1968,3.7,92.239998,92.9,8.4,34.1,530.9,4709.993,37.3462,11.7
2/1/1968,3.8,89.360001,97.2,8.4,34.2,533.6,4709.993,37.4801,12.3
3/1/1968,3.7,90.199997,97.2,8.4,34.3,544.3,4709.993,37.597,11.7
4/1/1968,3.5,97.459999,97.2,6.9,34.4,544,4788.688,37.6515,12.3
5/1/1968,3.5,98.68,92.4,6.9,34.5,549.8,4788.688,38.0738,12
6/1/1968,3.7,99.580002,92.4,6.9,34.7,556.3,4788.688,38.2137,11.7
7/1/1968,3.7,97.739998,92.4,3.1,34.9,563.2,4825.799,38.1551,10.7
8/1/1968,3.5,98.860001,92.4,3.1,35,567,4825.799,38.2615,10.5
9/1/1968,3.4,102.669998,92.4,3.1,35.1,568.2,4825.799,38.4065,10.6
10/1/1968,3.4,103.410004,92.4,1.6,35.3,571.6,4844.779,38.4827,10.8
11/1/1968,3.4,108.370003,91.7,1.6,35.4,576.7,4844.779,38.9805,10.6
12/1/1968,3.4,103.860001,91.7,1.6,35.6,576.5,4844.779,39.1036,11.1
1/1/1969,3.4,103.010002,91.7,6.4,35.7,583.5,4920.605,39.3402,10.3
2/1/1969,3.4,98.129997,98.2,6.4,35.8,588.7,4920.605,39.5919,9.7
3/1/1969,3.4,101.510002,98.2,6.4,36.1,588.9,4920.605,39.9024,10.2
4/1/1969,3.4,103.690002,98.2,1.2,36.3,593.9,4935.564,39.7555,9.7
5/1/1969,3.4,103.459999,91.5,1.2,36.4,600.3,4935.564,39.6053,10.1
6/1/1969,3.5,97.709999,91.5,1.2,36.6,600.9,4935.564,39.9922,11.1
7/1/1969,3.5,91.830002,91.5,2.7,36.8,602.7,4968.164,40.2033,11.8
8/1/1969,3.5,95.510002,86.4,2.7,36.9,609.9,4968.164,40.2957,11.5
9/1/1969,3.7,93.120003,86.4,2.7,37.1,613.2,4968.164,40.2867,11.6
10/1/1969,3.7,97.120003,86.4,-1.9,37.3,618.5,4943.935,40.2985,11.4
11/1/1969,3.5,93.809998,79.7,-1.9,37.5,620.5,4943.935,39.9186,11.6
12/1/1969,3.5,92.059998,79.7,-1.9,37.7,622.8,4943.935,39.8115,11.8
1/1/1970,3.9,85.019997,79.7,-0.6,37.9,628.7,4936.594,39.0743,11.8
2/1/1970,4.2,89.5,78.1,-0.6,38.1,634,4936.594,39.0485,11.7
3/1/1970,4.4,89.629997,78.1,-0.6,38.3,632.3,4936.594,38.9978,12.4
4/1/1970,4.6,81.519997,78.1,0.6,38.5,636,4943.6,38.8975,13.3
5/1/1970,4.8,76.550003,75.4,0.6,38.6,642.4,4943.6,38.8522,12.4
6/1/1970,4.9,72.720001,75.4,0.6,38.8,646.3,4943.6,38.7265,12.3
7/1/1970,5,78.050003,75.4,3.7,38.9,648.5,4989.159,38.8216,13.5
8/1/1970,5.1,81.519997,77.6,3.7,39,652.9,4989.159,38.7524,13.4
9/1/1970,5.4,84.300003,77.6,3.7,39.2,659.1,4989.159,38.4852,12.9
10/1/1970,5.5,83.25,77.6,-4.2,39.4,658.3,4935.693,37.7154,13.1
11/1/1970,5.9,87.199997,72.4,-4.2,39.6,656.6,4935.693,37.487,13.6
12/1/1970,6.1,92.150002,72.4,-4.2,39.8,665.6,4935.693,38.3479,13.2
1/1/1971,5.9,95.879997,72.4,11.3,39.9,676.1,5069.746,38.6429,13.3
2/1/1971,5.9,96.75,78.1,11.3,39.9,679.4,5069.746,38.5692,13.3
3/1/1971,6,100.309998,78.1,11.3,40,682,5069.746,38.5274,13.5
4/1/1971,5.9,103.949997,78.1,2.2,40.1,688.8,5097.179,38.7438,13.2
5/1/1971,5.9,99.629997,80.2,2.2,40.3,691.1,5097.179,38.9404,13.6
6/1/1971,5.9,98.699997,80.2,2.2,40.5,699.8,5097.179,39.1037,14.7
7/1/1971,6,95.580002,80.2,3.3,40.6,698.9,5139.128,38.9902,13.8
8/1/1971,6.1,99.029999,82.1,3.3,40.7,704.9,5139.128,38.7639,13.6
9/1/1971,6,98.339996,82.1,3.3,40.8,713,5139.128,39.3939,13.3
10/1/1971,5.8,94.230003,82.1,0.9,40.9,715.8,5151.245,39.6888,13.3
11/1/1971,6,93.989998,82,0.9,41,720.9,5151.245,39.8572,13.1
12/1/1971,6,102.089996,82,0.9,41.1,728.4,5151.245,40.3174,13
1/1/1972,5.8,103.940002,82,7.6,41.2,731.5,5245.974,41.2866,12.5
2/1/1972,5.7,106.57,92.8,7.6,41.4,736.2,5245.974,41.68,12.8
3/1/1972,5.8,107.199997,92.8,7.6,41.4,749.2,5245.974,41.9758,11.8
4/1/1972,5.7,107.669998,92.8,9.4,41.5,752.5,5365.045,42.4207,11.5
5/1/1972,5.7,109.529999,88.6,9.4,41.6,758,5365.045,42.3956,11.7
6/1/1972,5.7,107.139999,88.6,9.4,41.7,761.6,5365.045,42.5178,11.7
7/1/1972,5.6,107.389999,88.6,3.8,41.8,769.9,5415.712,42.5004,11.7
8/1/1972,5.6,111.089996,95.2,3.8,41.9,776.3,5415.712,43.0644,12
9/1/1972,5.5,110.550003,95.2,3.8,42.1,781.1,5415.712,43.3948,12.2
10/1/1972,5.6,111.580002,95.2,6.9,42.2,794.9,5506.396,43.9709,13
11/1/1972,5.3,116.669998,90.7,6.9,42.4,800.5,5506.396,44.4866,13.6
12/1/1972,5.2,118.050003,90.7,6.9,42.5,806.1,5506.396,45,13.7
1/1/1973,4.9,116.029999,90.7,10.3,42.7,816.5,5642.669,45.2914,12.4
2/1/1973,5,111.68,81.9,10.3,43,825.8,5642.669,45.9647,12.5
3/1/1973,4.9,111.519997,81.9,10.3,43.4,832.8,5642.669,45.9868,12.7
4/1/1973,5,106.970001,81.9,4.4,43.7,835.7,5704.098,45.9274,13.2
5/1/1973,4.9,104.949997,77,4.4,43.9,841.6,5704.098,46.2184,13.2
6/1/1973,4.9,104.260002,77,4.4,44.2,844.3,5704.098,46.2516,13.6
7/1/1973,4.8,108.220001,77,-2.1,44.2,854.1,5674.1,46.4427,13.2
8/1/1973,4.8,104.25,72,-2.1,45,853.3,5674.1,46.3634,13.9
9/1/1973,4.8,108.43,72,-2.1,45.2,869.2,5674.1,46.7782,13.1
10/1/1973,4.6,108.290001,72,3.8,45.6,868.2,5727.96,47.0944,14.4
11/1/1973,4.8,95.959999,76.5,3.8,45.9,876.9,5727.96,47.3422,14.4
12/1/1973,4.9,97.550003,76.5,3.8,46.3,876.6,5727.96,47.2312,14.8
1/1/1974,5.1,96.57,76.5,-3.4,46.8,884.5,5678.713,46.9002,14.3
2/1/1974,5.2,96.220001,61.8,-3.4,47.3,889.7,5678.713,46.7547,14.2
3/1/1974,5.1,93.980003,61.8,-3.4,47.8,901.4,5678.713,46.768,13.4
4/1/1974,5.1,90.309998,61.8,1,48.1,910.8,5692.21,46.6012,13.1
5/1/1974,5.1,87.279999,72.1,1,48.6,922.4,5692.21,46.9779,12.8
6/1/1974,5.4,86,72.1,1,49,928,5692.21,46.9246,12.8
7/1/1974,5.5,79.309998,72.1,-3.7,49.3,937.9,5638.411,46.9465,12.8
8/1/1974,5.5,72.150002,64.4,-3.7,49.9,954.8,5638.411,46.4902,12.1
9/1/1974,5.9,63.540001,64.4,-3.7,50.6,955.1,5638.411,46.5124,12.9
10/1/1974,6,73.900002,64.4,-1.5,51,959.2,5616.526,46.3395,13.4
11/1/1974,6.6,69.970001,59.5,-1.5,51.5,956.2,5616.526,44.8159,13.8
12/1/1974,7.2,68.559998,59.5,-1.5,51.9,961.8,5616.526,43.2364,14
1/1/1975,8.1,76.980003,59.5,-4.8,52.3,975.6,5548.156,42.6437,13.2
2/1/1975,8.1,81.589996,57.6,-4.8,52.6,989.4,5548.156,41.6572,12.5
3/1/1975,8.6,83.360001,57.6,-4.8,52.8,990.6,5548.156,41.213,12.7
4/1/1975,8.8,87.300003,57.6,2.9,53,995,5587.8,41.2483,14.2
5/1/1975,9,91.150002,72.8,2.9,53.1,1018.9,5587.8,41.154,17.3
6/1/1975,8.8,95.190002,72.8,2.9,53.5,1026.8,5587.8,41.4216,14.3
7/1/1975,8.6,88.75,72.8,7,54,1039.8,5683.444,41.8198,12.6
8/1/1975,8.4,86.879997,75.7,7,54.2,1047,5683.444,42.2548,13
9/1/1975,8.4,83.870003,75.7,7,54.6,1054.8,5683.444,42.7754,13
10/1/1975,8.4,89.040001,75.7,5.5,54.9,1060.9,5759.972,42.97,13.4
11/1/1975,8.3,91.239998,75.6,5.5,55.3,1075.8,5759.972,43.0627,12.7
12/1/1975,8.2,90.190002,75.6,5.5,55.6,1092.1,5759.972,43.5959,12
1/1/1976,7.9,100.860001,75.6,9.3,55.8,1107.1,5889.5,44.2338,11.7
2/1/1976,7.7,99.709999,84.6,9.3,55.9,1107.7,5889.5,44.6687,12.3
3/1/1976,7.6,102.769997,84.6,9.3,56,1114.9,5889.5,44.7103,12.2
4/1/1976,7.7,101.639999,84.6,3,56.1,1125.4,5932.711,44.9525,11.7
5/1/1976,7.4,100.18,83.3,3,56.4,1122.7,5932.711,45.1731,12.3
6/1/1976,7.6,104.279999,83.3,3,56.7,1140.5,5932.711,45.1831,11.4
7/1/1976,7.8,103.440002,83.3,2.2,57,1149.6,5965.265,45.4519,11.7
8/1/1976,7.8,102.910004,89.7,2.2,57.3,1158,5965.265,45.7737,11.7
9/1/1976,7.6,105.239998,89.7,2.2,57.6,1168.8,5965.265,45.9055,11.4
10/1/1976,7.7,102.900002,89.7,2.9,57.9,1176.8,6008.504,45.922,11.1
11/1/1976,7.8,102.099998,87,2.9,58.1,1189,6008.504,46.6016,11.4
12/1/1976,7.8,107.459999,87,2.9,58.4,1211.5,6008.504,47.0857,10.6
1/1/1977,7.5,102.029999,87,4.8,58.7,1215,6079.494,46.8261,10.6
2/1/1977,7.6,99.82,87.1,4.8,59.3,1231.3,6079.494,47.5387,9.3
3/1/1977,7.4,98.419998,87.1,4.8,59.6,1238.3,6079.494,48.1302,10.5
4/1/1977,7.2,98.440002,87.1,8,60,1247.3,6197.686,48.578,10.5
5/1/1977,7,96.120003,90.2,8,60.2,1257.1,6197.686,48.9881,10.3
6/1/1977,7.2,100.480003,90.2,8,60.5,1263.6,6197.686,49.3428,10.6
7/1/1977,6.9,98.849998,90.2,7.4,60.8,1280.5,6309.514,49.4131,10.5
8/1/1977,7,96.769997,89,7.4,61.1,1285.7,6309.514,49.4274,10.9
9/1/1977,6.8,96.529999,89,7.4,61.3,1294.5,6309.514,49.6665,11.1
10/1/1977,6.8,92.339996,89,0,61.6,1311.4,6309.652,49.7589,11
11/1/1977,6.8,94.830002,84.4,0,62,1327,6309.652,49.8149,11.2
12/1/1977,6.4,95.099998,84.4,0,62.3,1336,6309.652,49.8936,11.4
1/1/1978,6.4,89.25,83.7,1.3,62.7,1329.5,6329.791,49.2047,11.9
2/1/1978,6.3,87.040001,84.3,1.3,63,1355.1,6329.791,49.4519,11.1
3/1/1978,6.3,89.209999,78.8,1.3,63.4,1377.5,6329.791,50.392,11
4/1/1978,6.1,96.830002,81.6,16.4,63.9,1396.4,6574.39,51.4438,10.8
5/1/1978,6,97.239998,82.9,16.4,64.5,1412,6574.39,51.6239,10.3
6/1/1978,5.9,95.529999,80,16.4,65,1425.8,6574.39,51.9809,10
7/1/1978,6.2,100.68,82.4,4.1,65.5,1426.8,6640.497,51.9572,10.9
8/1/1978,5.9,103.290001,78.4,4.1,65.9,1447,6640.497,52.1531,10.5
9/1/1978,6,102.540001,80.4,4.1,66.5,1452.9,6640.497,52.2862,10.6
10/1/1978,5.8,93.150002,79.3,5.5,67.1,1466.9,6729.755,52.7031,10.7
11/1/1978,5.9,94.699997,75,5.5,67.5,1480.6,6729.755,53.1001,10.5
12/1/1978,6,96.110001,66.1,5.5,67.9,1496.5,6729.755,53.3889,10.4
1/1/1979,5.9,99.93,72.1,0.7,68.5,1502.4,6741.854,53.0435,11.1
2/1/1979,5.9,96.279999,73.9,0.7,69.2,1517.8,6741.854,53.3331,11.1
3/1/1979,5.8,101.589996,68.4,0.7,69.9,1531.2,6741.854,53.4972,11.2
4/1/1979,5.8,101.760002,66,0.4,70.6,1538.4,6749.063,52.8947,11
5/1/1979,5.6,99.080002,68.1,0.4,71.4,1558.8,6749.063,53.3176,10.3
6/1/1979,5.7,102.910004,65.8,0.4,72.2,1575.7,6749.063,53.3158,9.9
7/1/1979,5.7,103.809998,60.4,3,73,1586.1,6799.2,53.2432,10.6
8/1/1979,6,109.32,64.5,3,73.7,1615.6,6799.2,52.8891,9.7
9/1/1979,5.9,109.32,66.7,3,74.4,1633.9,6799.2,52.9468,9.4
10/1/1979,6,101.82,62.1,1,75.2,1641.6,6816.203,53.2382,9.7
11/1/1979,5.9,106.160004,63.3,1,76,1657.3,6816.203,53.1886,9.7
12/1/1979,6,107.940002,61,1,76.9,1666.3,6816.203,53.2612,10.1
1/1/1980,6.3,114.160004,67,1.3,78,1697.3,6837.641,53.5021,9.9
2/1/1980,6.3,113.660004,66.9,1.3,79,1701.4,6837.641,53.5079,10.1
3/1/1980,6.3,102.089996,56.5,1.3,80.1,1708.2,6837.641,53.3284,10.2
4/1/1980,6.9,106.290001,52.7,-8,80.9,1695.2,6696.753,52.2375,11.3
5/1/1980,7.5,111.239998,51.7,-8,81.7,1700.1,6696.753,50.9676,11.4
6/1/1980,7.6,114.239998,58.7,-8,82.5,1718.8,6696.753,50.3335,11.2
7/1/1980,7.8,121.669998,62.3,-0.5,82.6,1747.1,6688.794,49.9417,11.3
8/1/1980,7.7,122.379997,67.3,-0.5,83.2,1763.8,6688.794,50.1226,11.3
9/1/1980,7.5,125.459999,73.7,-0.5,83.9,1780.5,6688.794,50.9338,11.7
10/1/1980,7.5,127.470001,75,7.7,84.7,1817.1,6813.535,51.5801,11.3
11/1/1980,7.5,140.520004,76.7,7.7,85.6,1826.8,6813.535,52.4731,11.6
12/1/1980,7.2,135.759995,64.5,7.7,86.4,1851.7,6813.535,52.7676,11.4
1/1/1981,7.5,129.550003,71.4,8.1,87.2,1870,6947.042,52.4688,10.9
2/1/1981,7.4,131.270004,66.9,8.1,88,1884.2,6947.042,52.2219,10.8
3/1/1981,7.4,136,66.5,8.1,88.6,1902.9,6947.042,52.5009,10.8
4/1/1981,7.2,132.809998,72.4,-2.9,89.1,1904.4,6895.559,52.2665,10.9
5/1/1981,7.5,132.589996,76.3,-2.9,89.7,1913.8,6895.559,52.5783,11
6/1/1981,7.5,131.210007,73.1,-2.9,90.5,1934.5,6895.559,52.8272,10.8
7/1/1981,7.2,130.919998,74.1,4.9,91.5,1942.1,6978.135,53.1722,12.3
8/1/1981,7.4,122.790001,77.2,4.9,92.2,1966.6,6978.135,53.1672,12
9/1/1981,7.6,116.18,73.1,4.9,93.1,1965.5,6978.135,52.8548,12.4
10/1/1981,7.9,121.889999,70.3,-4.3,93.4,1963.9,6902.105,52.4951,13
11/1/1981,8.3,126.349998,62.5,-4.3,93.8,1970.6,6902.105,51.8972,13.2
12/1/1981,8.5,122.550003,64.3,-4.3,94.1,1988.8,6902.105,51.3277,12.5
1/1/1982,8.6,120.400002,71,-6.1,94.4,1997.1,6794.878,50.3077,12.7
2/1/1982,8.9,113.110001,66.5,-6.1,94.7,2021.2,6794.878,51.2996,12.1
3/1/1982,9,111.959999,62,-6.1,94.7,2024.1,6794.878,50.9105,12.2
4/1/1982,9.3,116.440002,65.5,1.8,95,2026.3,6825.876,50.459,12.9
5/1/1982,9.4,111.879997,67.5,1.8,95.9,2044.5,6825.876,50.1366,12.3
6/1/1982,9.6,109.610001,65.7,1.8,97,2048.1,6825.876,49.969,12.3
7/1/1982,9.8,107.089996,65.4,-1.5,97.5,2072.2,6799.781,49.8127,12.5
8/1/1982,9.8,119.510002,65.4,-1.5,97.7,2080.1,6799.781,49.378,12.6
9/1/1982,10.1,120.419998,69.3,-1.5,97.7,2104.6,6799.781,49.2276,11.8
10/1/1982,10.4,133.720001,73.4,0.2,98.1,2125.8,6802.497,48.785,11.3
11/1/1982,10.8,138.529999,72.1,0.2,98,2149.3,6802.497,48.5953,10.9
12/1/1982,10.8,140.639999,71.9,0.2,97.7,2161.6,6802.497,48.2401,10.9
1/1/1983,10.4,145.300003,70.4,5.4,97.9,2174,6892.144,49.1748,11.1
2/1/1983,10.4,148.059998,74.6,5.4,98,2177,6892.144,48.8671,11.1
3/1/1983,10.3,152.960007,80.8,5.4,98.1,2202.8,6892.144,49.2655,10.6
4/1/1983,10.2,164.429993,89.1,9.4,98.8,2226.4,7048.982,49.8681,10.3
5/1/1983,10.1,162.389999,93.3,9.4,99.2,2245.9,7048.982,50.207,9.9
6/1/1983,10.1,167.639999,92.2,9.4,99.4,2276,7048.982,50.508,9.1
7/1/1983,9.4,162.559998,92.8,8.2,99.8,2304.4,7189.896,51.274,9.6
8/1/1983,9.5,164.399994,90.9,8.2,100.1,2320.4,7189.896,51.8458,9.2
9/1/1983,9.2,166.070007,89.9,8.2,100.4,2334.9,7189.896,52.6317,9.6
10/1/1983,8.8,163.550003,89.3,8.6,100.8,2357.6,7339.893,53.0647,9.7
11/1/1983,8.5,166.399994,91.1,8.6,101.1,2366.3,7339.893,53.2564,10.3
12/1/1983,8.3,164.929993,94.2,8.6,101.4,2393.6,7339.893,53.5313,10.1
1/1/1984,8,163.410004,100.1,8.1,102.1,2419.4,7483.371,54.5975,10
2/1/1984,7.8,157.059998,97.4,8.1,102.6,2403.5,7483.371,54.8377,11.7
3/1/1984,7.8,159.179993,101,8.1,102.9,2431.6,7483.371,55.1047,11.5
4/1/1984,7.7,160.050003,96.1,7.1,103.3,2457.5,7612.668,55.4593,11.5
5/1/1984,7.4,150.550003,98.1,7.1,103.5,2474.5,7612.668,55.7123,11.1
6/1/1984,7.2,153.179993,95.5,7.1,103.7,2495.6,7612.668,55.9079,11.1
7/1/1984,7.5,150.660004,96.6,3.9,104.1,2494.6,7686.059,56.0852,11.6
8/1/1984,7.5,166.679993,99.1,3.9,104.4,2512.2,7686.059,56.1353,11.8
9/1/1984,7.3,166.100006,100.9,3.9,104.7,2533.8,7686.059,56.034,11.8
10/1/1984,7.4,166.089996,96.3,3.3,105.1,2531.3,7749.151,55.9427,11.7
11/1/1984,7.2,163.580002,95.7,3.3,105.3,2571.4,7749.151,56.1631,10.9
12/1/1984,7.3,167.240005,92.9,3.3,105.5,2582.6,7749.151,56.2299,11.2
1/1/1985,7.3,179.630005,96,3.9,105.7,2618.8,7824.247,56.1365,10.3
2/1/1985,7.2,181.179993,93.7,3.9,106.3,2640.8,7824.247,56.3356,9.1
3/1/1985,7.2,180.660004,93.7,3.9,106.8,2648.5,7824.247,56.4232,8.7
4/1/1985,7.3,179.830002,94.6,3.6,107,2659.5,7893.136,56.2716,9.9
5/1/1985,7.2,189.550003,91.8,3.6,107.2,2696.4,7893.136,56.3525,11.1
6/1/1985,7.4,191.850006,96.5,3.6,107.5,2689.4,7893.136,56.3903,9.6
7/1/1985,7.4,190.919998,94,6.2,107.7,2715.7,8013.674,56.0242,9.1
8/1/1985,7.1,188.630005,92.4,6.2,107.9,2752.1,8013.674,56.2533,8.2
9/1/1985,7.1,182.080002,92.1,6.2,108.1,2794.7,8013.674,56.4939,7.3
10/1/1985,7.1,189.820007,88.4,3,108.5,2755.8,8073.239,56.261,9.1
11/1/1985,7,202.169998,90.9,3,109,2771.1,8073.239,56.4503,9
12/1/1985,7,211.279999,93.9,3,109.5,2811.3,8073.239,57.0454,8.6
1/1/1986,6.7,211.779999,95.6,3.8,109.9,2827.1,8148.603,57.3112,8.6
2/1/1986,7.2,226.919998,95.9,3.8,109.7,2820.2,8148.603,56.9304,9.3
3/1/1986,7.2,238.899994,95.1,3.8,109.1,2823.6,8148.603,56.5414,9.9
4/1/1986,7.1,235.520004,96.2,1.8,108.7,2835.2,8185.303,56.5654,9.7
5/1/1986,7.2,247.350006,94.8,1.8,109,2857.5,8185.303,56.685,9.3
6/1/1986,7.2,250.839996,99.3,1.8,109.4,2861.7,8185.303,56.4959,9.4
7/1/1986,7,236.119995,97.7,3.9,109.5,2881.2,8263.639,56.8096,9.3
8/1/1986,6.9,252.929993,94.9,3.9,109.6,2898.6,8263.639,56.7348,9
9/1/1986,7,231.320007,91.9,3.9,110,2971.8,8263.639,56.8483,7.2
10/1/1986,7,243.979996,95.6,2.2,110.2,2932.9,8308.021,57.1179,8.4
11/1/1986,6.9,249.220001,91.4,2.2,110.4,2928.4,8308.021,57.3826,8.8
12/1/1986,6.6,242.169998,89.1,2.2,110.8,2997.1,8308.021,57.8627,7
1/1/1987,6.6,274.079987,90.4,3,111.4,2935.5,8369.93,57.6873,9.7
2/1/1987,6.6,284.200012,90.2,3,111.8,3001.7,8369.93,58.4361,8.5
3/1/1987,6.6,291.700012,90.8,3,112.2,3013.3,8369.93,58.5202,8.5
4/1/1987,6.3,288.359985,92.8,4.4,112.7,3038.8,8460.233,58.8852,4.5
5/1/1987,6.3,290.100006,91.1,4.4,113,3048.4,8460.233,59.2656,8.2
6/1/1987,6.2,304,91.5,4.4,113.5,3072.8,8460.233,59.5423,7.7
7/1/1987,6.1,318.660004,93.7,3.5,113.8,3094.7,8533.635,59.956,7.5
8/1/1987,6,329.799988,94.4,3.5,114.3,3130.8,8533.635,60.4517,7.2
9/1/1987,5.9,321.829987,93.6,3.5,114.7,3126.5,8533.635,60.6087,7.6
10/1/1987,6,251.789993,89.3,7,115,3134.5,8680.162,61.4886,8.3
11/1/1987,5.8,230.300003,83.1,7,115.4,3144.2,8680.162,61.8151,8.5
12/1/1987,5.7,247.080002,86.8,7,115.6,3174.1,8680.162,62.1113,8.7
1/1/1988,5.7,257.070007,90.8,2.1,116,3213.7,8725.006,62.1393,8.1
2/1/1988,5.7,267.820007,91.6,2.1,116.2,3221.4,8725.006,62.41,8.6
3/1/1988,5.7,258.890015,94.6,2.1,116.5,3260.5,8725.006,62.5464,8.2
4/1/1988,5.4,261.329987,91.2,5.4,117.2,3263,8839.641,62.8992,8.8
5/1/1988,5.6,262.160004,94.8,5.4,117.5,3293.6,8839.641,62.8182,8.4
6/1/1988,5.4,273.5,94.7,5.4,118,3318.5,8839.641,62.9776,8.4
7/1/1988,5.4,272.019989,93.4,2.4,118.5,3342.7,8891.435,63.004,8.6
8/1/1988,5.6,261.519989,97.4,2.4,119,3368,8891.435,63.2781,8.4
9/1/1988,5.4,271.910004,97.3,2.4,119.5,3375,8891.435,63.108,8.9
10/1/1988,5.4,278.970001,94.1,5.4,119.9,3413.7,9009.913,63.4145,8.6
11/1/1988,5.3,273.700012,93,5.4,120.3,3430.2,9009.913,63.5171,8.4
12/1/1988,5.3,277.720001,91.9,5.4,120.7,3459.7,9009.913,63.8207,8.3
1/1/1989,5.4,297.470001,97.9,4.1,121.2,3483.7,9101.508,64.0114,8.5
2/1/1989,5.2,288.859985,95.4,4.1,121.6,3488,9101.508,63.7241,9
3/1/1989,5,294.869995,94.3,4.1,122.2,3498.8,9101.508,63.8694,9.5
4/1/1989,5.2,309.640015,91.5,3.1,123.1,3543,9170.977,63.9217,8.4
5/1/1989,5.2,320.519989,90.7,3.1,123.7,3551.8,9170.977,63.4806,8.1
6/1/1989,5.3,317.980011,90.6,3.1,124.1,3566.6,9170.977,63.5122,8.2
7/1/1989,5.2,346.079987,92,3,124.5,3585.7,9238.923,62.9479,8.2
8/1/1989,5.2,351.450012,89.6,3,124.5,3620.6,9238.923,63.5199,7.6
9/1/1989,5.3,349.149994,95.8,3,124.8,3621.9,9238.923,63.2966,8.1
10/1/1989,5.3,340.359985,93.9,0.8,125.4,3633.6,9257.128,63.2481,8.5
11/1/1989,5.4,345.98999,90.9,0.8,125.9,3643.3,9257.128,63.4576,8.6
12/1/1989,5.4,353.399994,90.5,0.8,126.3,3684.2,9257.128,63.8477,7.8
1/1/1990,5.4,329.079987,93,4.4,127.5,3730.7,9358.289,63.4171,8
2/1/1990,5.3,331.890015,89.5,4.4,128,3728.2,9358.289,64.0517,8.6
3/1/1990,5.2,339.940002,91.3,4.4,128.6,3754.9,9358.289,64.3607,8.3
4/1/1990,5.4,330.799988,93.9,1.5,128.9,3770,9392.251,64.2562,8.8
5/1/1990,5.4,361.230011,90.6,1.5,129.1,3775.8,9392.251,64.3971,8.7
6/1/1990,5.2,358.019989,88.3,1.5,129.9,3804.5,9392.251,64.6064,8.6
7/1/1990,5.5,356.149994,88.2,0.3,130.5,3821.7,9398.499,64.5289,8.7
8/1/1990,5.7,322.559998,76.4,0.3,131.6,3848.3,9398.499,64.7258,8.1
9/1/1990,5.9,306.049988,72.8,0.3,132.5,3870.1,9398.499,64.8148,8.1
10/1/1990,5.9,304,63.9,-3.6,133.4,3870.6,9312.937,64.3264,7.8
11/1/1990,6.2,322.220001,66,-3.6,133.7,3871.9,9312.937,63.5713,7.9
12/1/1990,6.3,330.220001,65.5,-3.6,134.2,3861.3,9312.937,63.1589,8.8
1/1/1991,6.4,343.929993,66.8,-1.9,134.7,3841,9269.367,62.8801,9.3
2/1/1991,6.6,367.070007,70.4,-1.9,134.8,3866.7,9269.367,62.452,8.8
3/1/1991,6.8,375.220001,87.7,-1.9,134.8,3913,9269.367,62.12,8
4/1/1991,6.7,375.339996,81.8,3.2,135.1,3907.1,9341.642,62.25,8.6
5/1/1991,6.9,389.829987,78.3,3.2,135.6,3933.2,9341.642,62.8714,8.4
6/1/1991,6.9,371.160004,82.1,3.2,136,3940.5,9341.642,63.4441,8.9
7/1/1991,6.8,387.809998,82.9,2,136.2,3966,9388.845,63.5106,8.2
8/1/1991,6.9,395.429993,82,2,136.6,3969.1,9388.845,63.5623,8.6
9/1/1991,6.9,387.859985,83,2,137,3984.7,9388.845,64.1234,8.8
10/1/1991,7,392.450012,78.3,1.4,137.2,3976,9421.565,64.0179,9.3
11/1/1991,7,375.220001,69.1,1.4,137.8,4003.6,9421.565,63.9427,9
12/1/1991,7.3,417.089996,68.2,1.4,138.2,4020.5,9421.565,63.6923,9.7
1/1/1992,7.3,408.779999,67.5,4.9,138.3,4084.7,9534.346,63.3372,9.4
2/1/1992,7.4,412.700012,68.8,4.9,138.6,4099.5,9534.346,63.7864,9.8
3/1/1992,7.4,403.690002,76,4.9,139.1,4117,9534.346,64.3199,9.7
4/1/1992,7.4,414.950012,77.2,4.4,139.4,4131.5,9637.732,64.8069,9.9
5/1/1992,7.6,415.350006,79.2,4.4,139.7,4158.4,9637.732,65.0202,9.9
6/1/1992,7.8,408.140015,80.4,4.4,140.1,4177.1,9637.732,65.0309,10.1
7/1/1992,7.7,424.209991,76.6,4,140.5,4204.8,9732.979,65.6155,9.6
8/1/1992,7.6,414.029999,76.1,4,140.8,4220.9,9732.979,65.2948,9.7
9/1/1992,7.6,417.799988,75.6,4,141.1,4255.3,9732.979,65.4461,8.7
10/1/1992,7.3,418.679993,73.3,4.2,141.7,4284.7,9834.51,65.9387,8
11/1/1992,7.4,431.350006,85.3,4.2,142.1,4300.5,9834.51,66.2219,8
12/1/1992,7.4,435.709991,91,4.2,142.3,4336.4,9834.51,66.2778,10.6
1/1/1993,7.3,438.779999,89.3,0.7,142.8,4340.7,9850.973,66.565,8.6
2/1/1993,7.1,443.380005,86.6,0.7,143.1,4355.3,9850.973,66.8562,8.9
3/1/1993,7,451.670013,85.9,0.7,143.3,4352.5,9850.973,66.7661,8.9
4/1/1993,7.1,440.190002,85.6,2.3,143.8,4393.4,9908.347,66.9976,8.7
5/1/1993,7.1,450.190002,80.3,2.3,144.2,4422.4,9908.347,66.7645,8.3
6/1/1993,7,450.529999,81.5,2.3,144.3,4440,9908.347,66.8782,7.8
7/1/1993,6.9,448.130005,77,1.9,144.5,4468.9,9955.641,67.0843,7.6
8/1/1993,6.8,463.559998,77.3,1.9,144.8,4481.1,9955.641,67.0144,7.7
9/1/1993,6.7,458.929993,77.9,1.9,145,4511.5,9955.641,67.3337,6.9
10/1/1993,6.8,467.829987,82.7,5.6,145.6,4532.8,10091.049,67.8513,6.3
11/1/1993,6.6,461.790009,81.2,5.6,146,4554.1,10091.049,68.1384,6.3
12/1/1993,6.5,466.450012,88.2,5.6,146.3,4571.1,10091.049,68.5029,9.1
1/1/1994,6.6,481.609985,94.3,3.9,146.3,4585.1,10188.954,68.7602,7.1
2/1/1994,6.6,467.140015,93.2,3.9,146.7,4632.6,10188.954,68.7808,6.5
3/1/1994,6.5,445.769989,91.5,3.9,147.1,4646,10188.954,69.4762,6.8
4/1/1994,6.4,450.910004,92.6,5.5,147.2,4671.1,10327.019,69.8715,6.4
5/1/1994,6.1,456.5,92.8,5.5,147.5,4669.5,10327.019,70.2259,7.6
6/1/1994,6.1,444.269989,91.2,5.5,147.9,4708.9,10327.019,70.6759,6.9
7/1/1994,6.1,458.26001,89,2.4,148.4,4720.6,10387.382,70.7851,7
8/1/1994,6,475.48999,91.7,2.4,149,4762.6,10387.382,71.2069,6.5
9/1/1994,5.9,462.709991,91.5,2.4,149.3,4775,10387.382,71.4768,6.8
10/1/1994,5.8,472.350006,92.7,4.7,149.4,4812.9,10506.372,72.0827,7.1
11/1/1994,5.6,453.690002,91.6,4.7,149.8,4825.6,10506.372,72.5328,7
12/1/1994,5.5,459.269989,95.1,4.7,150.1,4841.6,10506.372,73.2862,7.2
1/1/1995,5.6,470.420013,97.6,1.4,150.5,4851.2,10543.644,73.4173,7.5
2/1/1995,5.4,487.390015,95.1,1.4,150.9,4850.8,10543.644,73.3112,7.8
3/1/1995,5.4,500.709991,90.3,1.4,151.2,4885.4,10543.644,73.4086,7.5
4/1/1995,5.8,514.710022,92.5,1.2,151.8,4890.2,10575.1,73.3603,6.9
5/1/1995,5.6,533.400024,89.8,1.2,152.1,4933.1,10575.1,73.6079,7.1
6/1/1995,5.6,544.75,92.7,1.2,152.4,4977.5,10575.1,73.8595,6.7
7/1/1995,5.7,562.059998,94.4,3.5,152.6,4970.2,10665.06,73.5675,7.1
8/1/1995,5.7,561.880005,96.2,3.5,152.9,5005.3,10665.06,74.4969,6.7
9/1/1995,5.6,584.409973,88.9,3.5,153.1,5020.5,10665.06,74.7941,6.8
10/1/1995,5.5,581.5,90.2,2.7,153.5,5013.9,10737.478,74.7015,7.1
11/1/1995,5.6,605.369995,88.2,2.7,153.7,5055.6,10737.478,74.8864,6.6
12/1/1995,5.6,615.929993,91,2.7,153.9,5097.5,10737.478,75.1739,6.1
1/1/1996,5.6,636.02002,89.3,3,154.7,5085.7,10817.896,74.6833,6.7
2/1/1996,5.5,640.429993,88.5,3,155,5132.8,10817.896,75.8433,6.7
3/1/1996,5.5,645.5,93.7,3,155.5,5173.3,10817.896,75.7631,6.6
4/1/1996,5.6,654.169983,92.7,6.8,156.1,5208,10998.322,76.4596,5.7
5/1/1996,5.6,669.119995,89.4,6.8,156.4,5223.8,10998.322,77.0169,6.7
6/1/1996,5.3,670.630005,92.4,6.8,156.7,5229.8,10998.322,77.6676,7.1
7/1/1996,5.5,639.950012,94.7,3.6,157,5251.9,11096.976,77.5653,6.7
8/1/1996,5.1,651.98999,95.3,3.6,157.2,5275,11096.976,78.0121,6.6
9/1/1996,5.2,687.330017,94.7,3.6,157.7,5296.6,11096.976,78.5488,6.7
10/1/1996,5.2,705.27002,96.5,4.2,158.2,5328.5,11212.205,78.506,6.4
11/1/1996,5.4,757.02002,99.2,4.2,158.7,5351.2,11212.205,79.1955,6.4
12/1/1996,5.4,740.73999,96.9,4.2,159.1,5378.6,11212.205,79.7144,6.4
1/1/1997,5.3,786.159973,97.4,2.6,159.4,5411.1,11284.587,79.8239,6.2
2/1/1997,5.2,790.820007,99.7,2.6,159.7,5434,11284.587,80.7816,6.2
3/1/1997,5.2,757.119995,100,2.6,159.8,5454.2,11284.587,81.3388,6.4
4/1/1997,5.1,801.340027,101.4,6.8,159.9,5459.3,11472.137,81.3611,6.5
5/1/1997,4.9,848.280029,103.2,6.8,159.9,5460.2,11472.137,81.8326,6.8
6/1/1997,5,885.140015,104.5,6.8,160.2,5494.2,11472.137,82.2309,6.6
7/1/1997,4.9,954.309998,107.1,5.1,160.4,5548.8,11615.636,82.85,6.1
8/1/1997,4.8,899.469971,104.4,5.1,160.8,5587,11615.636,83.7172,6
9/1/1997,4.9,947.280029,106,5.1,161.2,5601.7,11615.636,84.4629,6.2
10/1/1997,4.7,914.619995,105.6,3.5,161.5,5637.7,11715.393,85.1968,6.2
11/1/1997,4.6,955.400024,107.2,3.5,161.7,5661.1,11715.393,85.9458,6.4
12/1/1997,4.7,970.429993,102.1,3.5,161.8,5692.1,11715.393,86.2054,6.4
1/1/1998,4.6,980.280029,106.6,4.1,162,5689.9,11832.486,86.6558,7.4
2/1/1998,4.6,1049.339966,110.4,4.1,162,5723.8,11832.486,86.7556,7.4
3/1/1998,4.7,1101.75,106.5,4.1,162,5750.3,11832.486,86.8196,7.5
4/1/1998,4.3,1111.75,108.7,3.8,162.2,5788.1,11942.032,87.1345,7.2
5/1/1998,4.4,1090.819946,106.5,3.8,162.6,5837.9,11942.032,87.6936,6.9
6/1/1998,4.5,1133.839966,105.6,3.8,162.8,5871.7,11942.032,87.1421,6.8
7/1/1998,4.5,1120.670044,105.2,5.1,163.2,5890,12091.614,86.8414,6.9
8/1/1998,4.5,957.280029,104.4,5.1,163.4,5925,12091.614,88.6266,6.8
9/1/1998,4.6,1017.01001,100.9,5.1,163.5,5965.6,12091.614,88.4562,6.4
10/1/1998,4.5,1098.670044,97.4,6.6,163.9,5998.8,12287,89.1686,6.2
11/1/1998,4.4,1163.630005,102.7,6.6,164.1,6015.4,12287,89.1127,6.3
12/1/1998,4.4,1229.22998,100.5,6.6,164.4,6070.5,12287,89.4388,5.8
1/1/1999,4.3,1279.640015,103.9,3.8,164.7,6072.9,12403.293,89.8617,6.4
2/1/1999,4.4,1238.329956,108.1,3.8,164.7,6101.8,12403.293,90.3253,6.2
3/1/1999,4.2,1286.369995,105.7,3.8,164.8,6132.9,12403.293,90.4709,5.9
4/1/1999,4.3,1335.180054,104.6,3.1,165.9,6196.2,12498.694,90.7285,5.2
5/1/1999,4.2,1301.839966,106.8,3.1,166,6225.7,12498.694,91.3499,4.9
6/1/1999,4.3,1372.709961,107.3,3.1,166,6254,12498.694,91.199,4.8
7/1/1999,4.3,1328.719971,106,5.3,166.7,6281.5,12662.385,91.7767,4.8
8/1/1999,4.2,1320.410034,104.5,5.3,167.1,6326.5,12662.385,92.1675,4.7
9/1/1999,4.2,1282.709961,107.2,5.3,167.8,6378.8,12662.385,91.7812,4.2
10/1/1999,4.1,1362.930054,103.2,7,168.1,6402.1,12877.593,92.9976,4.6
11/1/1999,4.1,1388.910034,107.2,7,168.4,6437.9,12877.593,93.444,4.8
12/1/1999,4,1469.25,105.4,7,168.8,6538.7,12877.593,94.1555,4.4
1/1/2000,4,1394.459961,112,1.5,169.3,6535.3,12924.179,94.1717,5.4
2/1/2000,4.1,1366.420044,111.3,1.5,170,6619.7,12924.179,94.4329,4.8
3/1/2000,4,1498.579956,107.1,1.5,171,6685.8,12924.179,94.7926,4.5
4/1/2000,3.8,1452.430054,109.2,7.5,170.9,6671.1,13160.842,95.4898,5
5/1/2000,4,1420.599976,110.7,7.5,171.2,6707.6,13160.842,95.6421,4.9
6/1/2000,4,1454.599976,106.4,7.5,172.2,6743.9,13160.842,95.7364,4.9
7/1/2000,4,1430.829956,108.3,0.5,172.7,6764.1,13178.419,95.5982,5.2
8/1/2000,4.1,1517.680054,107.3,0.5,172.7,6799.1,13178.419,95.3172,5.2
9/1/2000,3.9,1436.51001,106.8,0.5,173.6,6882.9,13178.419,95.6844,4.5
10/1/2000,3.9,1429.400024,105.8,2.5,173.9,6888.2,13260.506,95.3974,4.6
11/1/2000,3.9,1314.949951,107.6,2.5,174.2,6902.4,13260.506,95.4158,4.5
12/1/2000,3.9,1320.280029,98.4,2.5,174.6,6945.7,13260.506,95.1619,4.2
1/1/2001,4.2,1366.01001,94.7,-1.1,175.6,6977,13222.69,94.5502,4.8
2/1/2001,4.2,1239.939941,90.6,-1.1,176,6995.8,13222.69,93.9755,4.9
3/1/2001,4.3,1160.329956,91.5,-1.1,176.1,6987.9,13222.69,93.7253,5.3
4/1/2001,4.4,1249.459961,88.4,2.4,176.4,7001.2,13299.984,93.4567,5
5/1/2001,4.3,1255.819946,92,2.4,177.3,7047.1,13299.984,92.8842,4.5
6/1/2001,4.5,1224.380005,92.6,2.4,177.7,7060.7,13299.984,92.3317,4.5
7/1/2001,4.6,1211.22998,92.4,-1.7,177.4,7072.2,13244.784,91.8098,5.6
8/1/2001,4.9,1133.579956,91.5,-1.7,177.4,7108.9,13244.784,91.6849,6.8
9/1/2001,5,1040.939941,81.8,-1.7,178.1,7012.8,13244.784,91.3345,7
10/1/2001,5.3,1059.780029,82.7,1.1,177.6,7208.4,13280.859,90.9389,3.4
11/1/2001,5.5,1139.449951,83.9,1.1,177.5,7167.9,13280.859,90.4853,4.1
12/1/2001,5.7,1148.079956,88.8,1.1,177.4,7147.7,13280.859,90.515,4.5
1/1/2002,5.7,1130.199951,93,3.5,177.7,7174.3,13397.002,91.0881,6.1
2/1/2002,5.7,1106.72998,90.7,3.5,178,7218.3,13397.002,91.0698,5.8
3/1/2002,5.7,1147.390015,95.7,3.5,178.5,7237.2,13397.002,91.8012,5.9
4/1/2002,5.9,1076.920044,93,2.4,179.3,7305.4,13478.152,92.1815,5.8
5/1/2002,5.8,1067.140015,96.9,2.4,179.5,7282.7,13478.152,92.5668,6.5
6/1/2002,5.8,989.820007,92.4,2.4,179.6,7318.2,13478.152,93.4503,6.4
7/1/2002,5.8,911.619995,88.1,1.8,180,7380.4,13538.072,93.2282,5.5
8/1/2002,5.7,916.070007,87.6,1.8,180.5,7401.5,13538.072,93.227,5.4
9/1/2002,5.7,815.280029,86.1,1.8,180.8,7391,13538.072,93.3597,5.7
10/1/2002,5.7,885.76001,80.6,0.6,181.2,7430.7,13559.032,93.0804,5.7
11/1/2002,5.9,936.309998,84.2,0.6,181.5,7459.7,13559.032,93.5589,5.7
12/1/2002,6,879.820007,86.7,0.6,181.8,7512.8,13559.032,93.1088,5.5
1/1/2003,5.8,855.700012,82.4,2.2,182.6,7533.1,13634.253,93.6494,5.5
2/1/2003,5.9,841.150024,79.9,2.2,183.6,7535.9,13634.253,93.9475,5.6
3/1/2003,5.9,848.179993,77.6,2.2,183.9,7598.4,13634.253,93.735,5.3
4/1/2003,6,916.919983,86,3.5,183.2,7621,13751.543,93.0815,5.3
5/1/2003,6.1,963.590027,92.1,3.5,182.9,7628.1,13751.543,93.1002,5.8
6/1/2003,6.3,974.5,89.7,3.5,183.1,7678.6,13751.543,93.2544,5.6
7/1/2003,6.2,990.309998,90.9,7,183.7,7738.2,13985.073,93.6579,6.3
8/1/2003,6.1,1008.01001,89.3,7,184.5,7834.5,13985.073,93.5162,6
9/1/2003,6.1,995.969971,87.7,7,185.1,7835,13985.073,94.0695,5.2
10/1/2003,6,1050.709961,89.6,4.7,184.9,7845.7,14145.645,94.2091,5.3
11/1/2003,5.8,1058.199951,93.7,4.7,185,7899.6,14145.645,94.937,5.4
12/1/2003,5.7,1111.920044,92.6,4.7,185.5,7929.2,14145.645,94.8627,5.4
1/1/2004,5.7,1131.130005,103.8,2.2,186.3,7987.4,14221.147,95.1113,5
2/1/2004,5.6,1144.939941,94.4,2.2,186.7,8019.8,14221.147,95.6793,5
3/1/2004,5.8,1126.209961,95.8,2.2,187.1,8076,14221.147,95.2063,4.9
4/1/2004,5.6,1107.300049,94.2,3.1,187.4,8088.6,14329.523,95.6346,5.3
5/1/2004,5.6,1120.680054,90.2,3.1,188.2,8163.2,14329.523,96.3952,5.3
6/1/2004,5.6,1140.839966,95.6,3.1,188.9,8147.2,14329.523,95.6045,5.8
7/1/2004,5.5,1101.719971,96.7,3.8,189.1,8218.9,14464.984,96.3379,5.3
8/1/2004,5.4,1104.23999,95.9,3.8,189.2,8253.1,14464.984,96.4107,5.2
9/1/2004,5.4,1114.579956,94.2,3.8,189.8,8321.1,14464.984,96.4943,4.6
10/1/2004,5.5,1130.199951,91.7,4.1,190.8,8374.6,14609.876,97.4107,4.5
11/1/2004,5.4,1173.819946,92.8,4.1,191.7,8420.6,14609.876,97.6207,4.1
12/1/2004,5.4,1211.920044,97.1,4.1,191.7,8481.5,14609.876,98.3284,6.9
1/1/2005,5.3,1181.27002,95.5,4.5,191.6,8470.2,14771.602,98.7904,3.7
2/1/2005,5.4,1203.599976,94.1,4.5,192.4,8529.2,14771.602,99.455,3.4
3/1/2005,5.2,1180.589966,92.6,4.5,193.1,8569.5,14771.602,99.3156,3.6
4/1/2005,5.2,1156.849976,87.7,1.9,193.7,8645.6,14839.782,99.4648,3.1
5/1/2005,5.1,1191.5,86.9,1.9,193.6,8643.9,14839.782,99.597,3.5
6/1/2005,5,1191.329956,96,1.9,193.7,8724.8,14839.782,99.9838,2.9
7/1/2005,5,1234.180054,96.5,3.6,194.9,8829.5,14972.054,99.6737,2.2
8/1/2005,4.9,1220.329956,89.1,3.6,196.1,8832.4,14972.054,99.9451,2.7
9/1/2005,5,1228.810059,76.9,3.6,198.8,8885.8,14972.054,98.0824,2.7
10/1/2005,5,1207.01001,74.2,2.6,199.1,8926.6,15066.597,99.3185,3.1
11/1/2005,5,1249.47998,81.6,2.6,198.1,8938.5,15066.597,100.3282,3.5
12/1/2005,4.9,1248.290039,91.5,2.6,198.1,8969.6,15066.597,100.9458,3.7
1/1/2006,4.7,1280.079956,91.2,5.4,199.3,9059.8,15267.026,101.0637,4.2
2/1/2006,4.8,1280.660034,86.7,5.4,199.4,9090.1,15267.026,101.0761,4.2
3/1/2006,4.7,1294.869995,88.9,5.4,199.7,9122.1,15267.026,101.2742,4.2
4/1/2006,4.7,1310.609985,87.4,0.9,200.7,9174.8,15302.705,101.6854,4
5/1/2006,4.6,1270.089966,79.1,0.9,201.3,9215.1,15302.705,101.5801,3.8
6/1/2006,4.6,1270.199951,84.9,0.9,201.8,9240.8,15302.705,101.9746,4
7/1/2006,4.7,1276.660034,84.7,0.6,202.9,9322.6,15326.368,101.9374,3.4
8/1/2006,4.7,1303.819946,82,0.6,203.8,9321.8,15326.368,102.3309,3.6
9/1/2006,4.5,1335.849976,85.4,0.6,202.8,9354.7,15326.368,102.1204,3.6
10/1/2006,4.4,1377.939941,93.6,3.5,201.9,9373.2,15456.928,102.0653,3.6
11/1/2006,4.5,1400.630005,92.1,3.5,202,9380.2,15456.928,101.9538,3.9
12/1/2006,4.4,1418.300049,91.7,3.5,203.1,9469,15456.928,103.026,3.7
1/1/2007,4.6,1438.23999,96.9,0.9,203.437,9516.3,15493.328,102.4915,3.7
2/1/2007,4.5,1406.819946,91.3,0.9,204.226,9546.8,15493.328,103.5443,4.1
3/1/2007,4.4,1420.859985,88.4,0.9,205.288,9585.1,15493.328,103.7537,4.4
4/1/2007,4.5,1482.369995,87.1,2.3,205.904,9615.7,15582.085,104.5018,4.2
5/1/2007,4.4,1530.619995,88.3,2.3,206.755,9651.3,15582.085,104.5419,4
6/1/2007,4.6,1503.349976,85.3,2.3,207.234,9667.3,15582.085,104.5669,3.8
7/1/2007,4.7,1455.27002,90.4,2.2,207.603,9709.6,15666.738,104.5217,3.7
8/1/2007,4.6,1473.98999,83.4,2.2,207.667,9753.9,15666.738,104.7387,3.4
9/1/2007,4.7,1526.75,83.4,2.2,208.547,9797.9,15666.738,105.1499,3.5
10/1/2007,4.7,1549.380005,80.9,2.5,209.19,9827,15761.967,104.7167,3.4
11/1/2007,4.7,1481.140015,76.1,2.5,210.834,9897.8,15761.967,105.3037,3.1
12/1/2007,5,1468.359985,75.5,2.5,211.445,9908.4,15761.967,105.353,3.6
1/1/2008,5,1378.550049,78.4,-2.3,212.174,9930,15671.383,105.073,3.7
2/1/2008,4.9,1330.630005,70.8,-2.3,212.687,9913.4,15671.383,104.7137,4.1
3/1/2008,5.1,1322.699951,69.5,-2.3,213.448,9959.4,15671.383,104.4635,4
4/1/2008,5,1385.589966,62.6,2.1,213.942,9996.8,15752.308,103.6727,3.4
5/1/2008,5.4,1400.380005,59.8,2.1,215.208,10053.8,15752.308,103.085,7.8
6/1/2008,5.6,1280,56.4,2.1,217.463,10107.9,15752.308,102.8361,5.5
7/1/2008,5.8,1267.380005,61.2,-2.1,219.016,10104.7,15667.032,102.2939,4.4
8/1/2008,6.1,1282.829956,63,-2.1,218.69,10094.7,15667.032,100.7209,3.8
9/1/2008,6.1,1166.359985,70.3,-2.1,218.877,10043.5,15667.032,96.3567,4.7
10/1/2008,6.5,968.75,57.6,-8.4,216.995,9960.3,15328.027,97.2844,5.5
11/1/2008,6.8,896.23999,55.3,-8.4,213.153,9820.8,15328.027,96.0552,6.4
12/1/2008,7.3,903.25,60.1,-8.4,211.398,9730.7,15328.027,93.252,6.4
1/1/2009,7.8,825.880005,61.2,-4.4,211.933,9783.8,15155.94,91.0332,6.2
2/1/2009,8.3,735.090027,56.3,-4.4,212.705,9766,15155.94,90.4375,5.5
3/1/2009,8.7,797.869995,57.3,-4.4,212.495,9718.5,15155.94,89.0085,5.9
4/1/2009,9,872.809998,65.1,-0.6,212.709,9724.8,15134.117,88.2959,6.8
5/1/2009,9.4,919.140015,68.7,-0.6,213.022,9748.9,15134.117,87.4078,8.2
6/1/2009,9.5,919.320007,70.8,-0.6,214.79,9806.9,15134.117,87.0694,6.7
7/1/2009,9.5,987.47998,66,1.5,214.726,9841.7,15189.222,88.0285,6
8/1/2009,9.6,1020.619995,65.7,1.5,215.445,9961,15189.222,89.0244,4.9
9/1/2009,9.8,1057.079956,73.5,1.5,215.861,9883.4,15189.222,89.6975,5.9
10/1/2009,10,1036.189941,70.6,4.5,216.509,9931.9,15356.058,89.9906,5.4
11/1/2009,9.9,1095.630005,67.4,4.5,217.234,9940.5,15356.058,90.3515,5.9
12/1/2009,9.9,1115.099976,72.5,4.5,217.347,9998.9,15356.058,90.6212,5.9
1/1/2010,9.8,1073.869995,74.4,1.5,217.488,10001.8,15415.145,91.6849,6.1
2/1/2010,9.8,1104.48999,73.6,1.5,217.281,10030.6,15415.145,92.0073,5.8
3/1/2010,9.9,1169.430054,73.6,1.5,217.353,10089.1,15415.145,92.6104,5.7
4/1/2010,9.9,1186.689941,72.2,3.7,217.403,10112.9,15557.277,92.96,6.4
5/1/2010,9.6,1089.410034,73.6,3.7,217.29,10131,15557.277,94.2988,7
6/1/2010,9.4,1030.709961,76,3.7,217.199,10151.4,15557.277,94.4319,6.9
7/1/2010,9.4,1101.599976,67.8,3,217.605,10184.7,15671.967,94.836,6.8
8/1/2010,9.5,1049.329956,68.9,3,217.923,10228.2,15671.967,95.1423,6.9
9/1/2010,9.5,1141.199951,68.2,3,218.275,10249,15671.967,95.35,6.7
10/1/2010,9.4,1183.26001,67.7,2,219.035,10304.7,15750.625,95.0991,6.6
11/1/2010,9.8,1180.550049,71.6,2,219.59,10354.7,15750.625,95.1376,6.6
12/1/2010,9.3,1257.640015,74.5,2,220.472,10392.1,15750.625,96.0339,7.1
1/1/2011,9.1,1286.119995,74.2,-1,221.187,10435.5,15712.754,95.9363,7.4
2/1/2011,9,1327.219971,77.5,-1,221.898,10470.1,15712.754,95.5147,7.6
3/1/2011,9,1325.829956,67.5,-1,223.046,10550.5,15712.754,96.4651,7
4/1/2011,9.1,1363.609985,69.8,2.9,224.093,10587.6,15825.096,96.1325,6.9
5/1/2011,9,1345.199951,74.3,2.9,224.806,10612,15825.096,96.3347,6.9
6/1/2011,9.1,1320.640015,71.5,2.9,224.806,10636.8,15825.096,96.5889,7.2
7/1/2011,9,1292.280029,63.7,-0.1,225.395,10677.5,15820.7,97.1011,7.3
8/1/2011,9,1218.890015,55.8,-0.1,226.106,10700.6,15820.7,97.6642,7.2
9/1/2011,9,1131.420044,59.5,-0.1,226.597,10738.1,15820.7,97.6132,6.8
10/1/2011,8.8,1253.300049,60.8,4.7,226.75,10753.1,16004.107,98.2931,6.8
11/1/2011,8.6,1246.959961,63.7,4.7,227.169,10759.5,16004.107,98.2325,7
12/1/2011,8.5,1257.599976,69.9,4.7,227.223,10772.2,16004.107,98.7699,7.8
1/1/2012,8.3,1312.410034,75,3.2,227.842,10862.1,16129.418,99.3672,8
2/1/2012,8.3,1365.680054,75.3,3.2,228.329,10953.5,16129.418,99.6443,8
3/1/2012,8.2,1408.469971,76.2,3.2,228.807,10951.8,16129.418,99.1594,8.5
4/1/2012,8.2,1397.910034,76.4,1.7,229.187,10979.7,16198.807,99.9173,8.7
5/1/2012,8.2,1310.329956,79.3,1.7,228.713,10968.6,16198.807,100.0956,8.8
6/1/2012,8.2,1362.160034,73.2,1.7,228.524,10946.3,16198.807,100.0478,9.1
7/1/2012,8.2,1379.319946,72.3,0.5,228.59,10977.2,16220.667,100.3144,8.2
8/1/2012,8.1,1406.579956,74.3,0.5,229.918,11004.1,16220.667,99.9036,8
9/1/2012,7.8,1440.670044,78.3,0.5,231.015,11061.5,16220.667,99.8944,8.2
10/1/2012,7.8,1412.160034,82.6,0.5,231.638,11099.8,16239.138,100.1192,8.8
11/1/2012,7.7,1416.180054,82.7,0.5,231.249,11136.8,16239.138,100.61,9.7
12/1/2012,7.9,1426.189941,72.9,0.5,231.221,11140.5,16239.138,100.9267,12
1/1/2013,8,1498.109985,73.8,3.6,231.679,11202.8,16382.964,100.8779,6.3
2/1/2013,7.7,1514.680054,77.6,3.6,232.937,11239.6,16382.964,101.4265,5.8
3/1/2013,7.5,1569.189941,78.6,3.6,232.282,11227.1,16382.964,101.8186,5.9
4/1/2013,7.6,1597.569946,76.4,0.5,231.797,11205.4,16403.18,101.695,6.4
5/1/2013,7.5,1630.73999,84.5,0.5,231.893,11244.6,16403.18,101.7517,6.7
6/1/2013,7.5,1606.280029,84.1,0.5,232.445,11268.8,16403.18,101.9486,6.8
7/1/2013,7.3,1685.72998,85.1,3.2,232.9,11296.7,16531.685,101.446,6.6
8/1/2013,7.2,1632.969971,82.1,3.2,233.456,11329.2,16531.685,102.1758,6.7
9/1/2013,7.2,1681.550049,77.5,3.2,233.544,11366.9,16531.685,102.6774,6.8
10/1/2013,7.2,1756.540039,73.2,3.2,233.669,11419.8,16663.649,102.5438,6.3
11/1/2013,6.9,1805.810059,75.1,3.2,234.1,11487.6,16663.649,102.8625,6.2
12/1/2013,6.7,1848.359985,82.5,3.2,234.719,11517.9,16663.649,103.1747,6.4
1/1/2014,6.6,1782.589966,81.2,-1,235.288,11512.5,16621.696,102.7053,7.1
2/1/2014,6.7,1859.449951,81.6,-1,235.547,11566.2,16621.696,103.6016,7.3
3/1/2014,6.7,1872.339966,80,-1,236.028,11643,16621.696,104.5893,7.4
4/1/2014,6.2,1883.949951,84.1,5.1,236.468,11702.6,16830.111,104.7423,7.4
5/1/2014,6.3,1923.569946,81.9,5.1,236.918,11748.4,16830.111,105.0571,7.4
6/1/2014,6.1,1960.22998,82.5,5.1,237.231,11817,16830.111,105.4084,7.4
7/1/2014,6.2,1930.670044,81.8,4.9,237.498,11860.5,17033.572,105.5609,7.5
8/1/2014,6.1,2003.369995,82.5,4.9,237.46,11944.3,17033.572,105.4797,7.2
9/1/2014,5.9,1972.290039,84.6,4.9,237.477,11957.4,17033.572,105.7908,7.4
10/1/2014,5.7,2018.050049,86.9,1.9,237.43,12023,17113.945,105.8154,7.2
11/1/2014,5.8,2067.560059,88.8,1.9,236.983,12051.4,17113.945,106.663,7.3
12/1/2014,5.6,2058.899902,93.6,1.9,236.252,12062,17113.945,106.5032,7.6
1/1/2015,5.7,1994.98999,98.1,3.3,234.718,12046,17254.744,105.8772,7.7
2/1/2015,5.5,2104.5,95.4,3.3,235.236,12082.4,17254.744,105.4193,7.9
3/1/2015,5.4,2067.889893,93,3.3,236.005,12158.3,17254.744,105.0856,7.4
4/1/2015,5.4,2085.51001,95.9,3.3,236.156,12193.8,17397.029,104.5604,7.6
5/1/2015,5.6,2107.389893,90.7,3.3,236.974,12268.1,17397.029,104.0675,7.5
6/1/2015,5.3,2063.110107,96.1,3.3,237.684,12308.3,17397.029,103.6891,7.6
7/1/2015,5.2,2103.840088,93.1,1,238.053,12355.4,17438.802,104.2443,7.6
8/1/2015,5.1,1972.180054,91.9,1,238.028,12394,17438.802,104.1318,7.7
9/1/2015,5,1920.030029,87.2,1,237.506,12392.8,17438.802,103.7281,7.7
10/1/2015,5,2079.360107,90,0.4,237.781,12416.1,17456.225,103.3569,7.6
11/1/2015,5.1,2080.409912,91.3,0.4,238.016,12450.1,17456.225,102.7323,7.2
12/1/2015,5,2043.939941,92.6,0.4,237.817,12469.1,17456.225,102.2696,7.3
1/1/2016,4.9,1940.23999,92,1.5,237.833,12482.2,17523.374,103.0314,7.7
2/1/2016,4.9,1932.22998,91.7,1.5,237.469,12550.1,17523.374,102.3429,7.2
3/1/2016,5,2059.73999,91,1.5,238.038,12547.2,17523.374,101.5415,7.5
4/1/2016,5,2065.300049,89,2.3,238.827,12646.1,17622.486,101.7479,7
5/1/2016,4.8,2096.949951,94.7,2.3,239.464,12698.4,17622.486,101.6011,6.6
6/1/2016,4.9,2098.860107,93.5,2.3,240.167,12775.1,17622.486,101.9476,6.2
7/1/2016,4.8,2173.600098,90,1.9,240.15,12790.1,17706.705,102.1435,6.4
8/1/2016,4.9,2170.949951,89.8,1.9,240.602,12841.8,17706.705,102.0654,6.3
9/1/2016,5,2168.27002,91.2,1.9,241.051,12903.5,17706.705,101.9304,6.3
10/1/2016,4.9,2126.149902,87.2,1.8,241.691,12944.5,17784.185,102.0557,6.4
11/1/2016,4.7,2198.810059,93.8,1.8,242.029,12980.5,17784.185,101.8293,6.4
12/1/2016,4.7,2238.830078,98.2,1.8,242.772,13043.2,17784.185,102.7877,6.3
1/1/2017,4.7,2278.870117,98.5,1.8,243.78,13098.6,17863.023,102.5393,6.7
2/1/2017,4.7,2363.639893,96.3,1.8,243.961,13084.3,17863.023,102.1574,7.2
3/1/2017,4.4,2362.719971,96.9,1.8,243.749,13159.4,17863.023,102.7236,7
4/1/2017,4.4,2384.199951,97,3,244.051,13204,17995.15,103.7148,6.7
5/1/2017,4.4,2411.800049,97.1,3,243.962,13229.5,17995.15,103.7121,6.9
6/1/2017,4.3,2423.409912,95,3,244.182,13266.1,17995.15,103.771,6.6
7/1/2017,4.3,2470.300049,93.4,2.8,244.39,13292.1,18120.843,103.6206,6.7
8/1/2017,4.4,2471.649902,96.8,2.8,245.297,13339.1,18120.843,103.1956,6.8
9/1/2017,4.2,2519.360107,95.1,2.8,246.418,13446.1,18120.843,103.176,6.6
10/1/2017,4.1,2575.26001,100.7,2.3,246.587,13505.5,18223.758,104.7647,6.5
11/1/2017,4.2,2584.840088,98.5,2.3,247.332,13598.5,18223.758,105.2943,6.2
12/1/2017,4.1,2673.610107,95.9,2.3,247.901,13633.6,18223.758,105.7698,6.2
1/1/2018,4.1,2823.810059,95.7,2.2,248.884,13662.6,18323.963,105.4371,7
2/1/2018,4.1,2713.830078,99.7,2.2,249.369,13645.9,18323.963,105.9166,7.4
3/1/2018,4,2640.870117,101.4,2.2,249.498,13730.3,18323.963,106.4488,7.2
4/1/2018,3.9,2648.050049,98.8,4.2,249.956,13805.2,18511.576,107.6624,6.8
5/1/2018,3.8,2705.27002,98,4.2,250.646,13880.6,18511.576,106.7781,6.6
6/1/2018,4,2718.370117,98.2,4.2,251.134,13941,18511.576,107.4443,6.5
7/1/2018,3.9,2816.290039,97.9,3.4,251.597,14008.4,18664.973,107.8948,6.4
8/1/2018,3.8,2901.52002,96.2,3.4,251.879,14062.6,18664.973,108.8232,6.4
9/1/2018,3.7,2913.97998,100.1,3.4,252.01,14080.4,18664.973,109.0597,6.4
10/1/2018,3.8,2711.73999,98.6,2.6,252.794,14173,18784.632,109.2189,6.4
11/1/2018,3.7,2760.169922,97.5,2.6,252.76,14252.7,18784.632,109.8355,6.1
12/1/2018,3.9,2506.850098,98.3,2.6,252.723,14176.2,18784.632,109.9448,7.6
1/1/2019,4,2704.100098,91.2,2.6,252.673,14176.2,18784.632,109.5058,7.6
2/1/2019,3.8,2784.48999,91.2,2.6,253.113,14176.2,18784.632,109.6678,7.6
3/1/2019,,2822.47998,91.2,2.6,253.113,14176.2,18784.632,109.6678,7.6
